Name,Category (national),Category (IUCN),Protected area size (sq. km),Forest type,"Forest type extent, 2000 (sq. km.)",Percent of forest type protected in protected area,Total loss (sq. km.),Percent lost,Total burned (sq. km.),Percent lost to fire,"Total loss, other (sq. km.)","Forest type extent, 2016 (sq. km.)"
Ébano Verde,Área de Protección Estricta,Ia - UICN,29.90,Dense conifer forest,0.00,0.00,0.00,0.00%,0.00,0.00%,0.00,0.00
Ébano Verde,Área de Protección Estricta,Ia - UICN,29.90,Open conifer forest,0.02,0.00,0.00,0.00%,0.00,0.00%,0.00,0.02
Ébano Verde,Área de Protección Estricta,Ia - UICN,29.90,Wet broadleaf forest,21.21,0.02,0.41,1.93%,0.00,0.00%,0.41,20.80
Ébano Verde,Área de Protección Estricta,Ia - UICN,29.90,Moist broadleaf forest,5.84,0.00,0.00,0.05%,0.00,0.00%,0.00,5.84
Alto bao,Reserva Natural,V - UICN,262.58,Dense conifer forest,47.28,0.03,4.31,9.11%,0.00,0.00%,4.31,42.97
Alto bao,Reserva Natural,V - UICN,262.58,Open conifer forest,23.71,0.04,1.76,7.43%,0.00,0.00%,1.76,21.95
Alto bao,Reserva Natural,V - UICN,262.58,Wet broadleaf forest,31.43,0.03,2.64,8.39%,0.00,0.00%,2.64,28.79
Alto bao,Reserva Natural,V - UICN,262.58,Moist broadleaf forest,21.52,0.01,1.48,6.90%,0.00,0.00%,1.48,20.03
Alto bao,Reserva Natural,V - UICN,262.58,Semi-moist broadleaf forest,6.11,0.00,0.59,9.67%,0.00,0.00%,0.59,5.52
Alto bao,Reserva Natural,V - UICN,262.58,Dry forest,1.88,0.00,0.20,10.86%,0.00,0.00%,0.20,1.68
Alto Mao,Reserva Natural,V - UICN,210.12,Dense conifer forest,89.58,0.05,13.57,15.15%,0.00,0.01%,13.57,76.02
Alto Mao,Reserva Natural,V - UICN,210.12,Open conifer forest,2.95,0.00,0.43,14.73%,0.00,0.00%,0.43,2.51
Alto Mao,Reserva Natural,V - UICN,210.12,Wet broadleaf forest,5.32,0.01,0.48,9.08%,0.00,0.00%,0.48,4.84
Alto Mao,Reserva Natural,V - UICN,210.12,Moist broadleaf forest,22.45,0.01,3.02,13.45%,0.00,0.00%,3.02,19.43
Alto Mao,Reserva Natural,V - UICN,210.12,Semi-moist broadleaf forest,3.81,0.00,0.80,20.92%,0.00,0.00%,0.80,3.01
Alto Mao,Reserva Natural,V - UICN,210.12,Dry forest,9.41,0.00,1.91,20.32%,0.00,0.00%,1.91,7.50
Anacaona,Parque Nacional,II - UICN,538.93,Moist broadleaf forest,9.39,0.00,0.10,1.03%,0.00,0.00%,0.10,9.30
Anacaona,Parque Nacional,II - UICN,538.93,Semi-moist broadleaf forest,6.62,0.00,0.08,1.23%,0.00,0.00%,0.08,6.54
Anacaona,Parque Nacional,II - UICN,538.93,Dry forest,86.11,0.04,0.66,0.77%,0.00,0.00%,0.66,85.44
Aniana Vargas,Parque Nacional,II - UICN,129.63,Dense conifer forest,0.01,0.00,0.00,0.00%,0.00,0.00%,0.00,0.01
Aniana Vargas,Parque Nacional,II - UICN,129.63,Wet broadleaf forest,0.01,0.00,0.00,0.00%,0.00,0.00%,0.00,0.01
Aniana Vargas,Parque Nacional,II - UICN,129.63,Moist broadleaf forest,3.54,0.00,0.26,7.26%,0.00,0.00%,0.26,3.28
Aniana Vargas,Parque Nacional,II - UICN,129.63,Semi-moist broadleaf forest,14.72,0.01,1.12,7.64%,0.01,0.60%,1.12,13.60
Armando Bermúdez,Parque Nacional,II - UICN,802.55,Dense conifer forest,371.38,0.22,13.61,3.67%,6.91,50.77%,6.70,357.77
Armando Bermúdez,Parque Nacional,II - UICN,802.55,Open conifer forest,34.01,0.05,0.49,1.45%,0.21,42.00%,0.29,33.52
Armando Bermúdez,Parque Nacional,II - UICN,802.55,Wet broadleaf forest,169.61,0.18,0.80,0.47%,0.00,0.42%,0.80,168.80
Armando Bermúdez,Parque Nacional,II - UICN,802.55,Moist broadleaf forest,116.10,0.05,0.65,0.56%,0.22,34.09%,0.43,115.46
Armando Bermúdez,Parque Nacional,II - UICN,802.55,Semi-moist broadleaf forest,0.25,0.00,0.01,3.94%,0.00,0.00%,0.01,0.24
Armando Bermúdez,Parque Nacional,II - UICN,802.55,Dry forest,0.01,0.00,0.00,0.00%,0.00,0.00%,0.00,0.01
Arroyo Cano,Reserva Natural,V - UICN,23.90,Dry forest,11.15,0.01,0.19,1.69%,0.00,0.00%,0.19,10.96
Autopista 6 de Noviembre,Paisaje Protegido,VI - UICN,3.64,Semi-moist broadleaf forest,0.03,0.00,0.01,22.49%,0.00,0.00%,0.01,0.02
Autopista 6 de Noviembre,Paisaje Protegido,VI - UICN,3.64,Semi-moist broadleaf forest,0.00,0.00,0.01,126.62%,0.00,0.00%,0.01,0.00
Autopista Duarte,Paisaje Protegido,VI - UICN,10.37,Dense conifer forest,0.06,0.00,0.00,4.24%,0.00,0.00%,0.00,0.06
Autopista Duarte,Paisaje Protegido,VI - UICN,10.37,Open conifer forest,0.00,0.00,0.00,0.00%,0.00,0.00%,0.00,0.00
Autopista Duarte,Paisaje Protegido,VI - UICN,10.37,Wet broadleaf forest,0.00,0.00,0.00,0.00%,0.00,0.00%,0.00,0.00
Autopista Duarte,Paisaje Protegido,VI - UICN,10.37,Moist broadleaf forest,0.06,0.00,0.00,1.06%,0.00,0.00%,0.00,0.06
Autopista Duarte,Paisaje Protegido,VI - UICN,10.37,Semi-moist broadleaf forest,0.02,0.00,0.00,0.00%,0.00,0.00%,0.00,0.02
Autopista Duarte,Paisaje Protegido,VI - UICN,10.37,Dry forest,0.02,0.00,0.00,15.65%,0.00,0.00%,0.00,0.02
Autopista Juan Bosch,Paisaje Protegido,VI - UICN,5.56,Moist broadleaf forest,0.00,0.00,0.00,10.48%,0.00,0.00%,0.00,0.00
Autopista Juan Bosch,Paisaje Protegido,VI - UICN,5.56,Semi-moist broadleaf forest,0.04,0.00,0.01,20.96%,0.00,0.00%,0.01,0.03
Autovia Santo Domingo - Samana - Boulevar del Atlantico,Paisaje Protegido,VI - UICN,103.41,Moist broadleaf forest,4.65,0.00,1.11,23.82%,0.00,0.00%,1.11,3.54
Autovia Santo Domingo - Samana - Boulevar del Atlantico,Paisaje Protegido,VI - UICN,103.41,Semi-moist broadleaf forest,1.04,0.00,0.11,10.89%,0.00,0.00%,0.11,0.92
Bahía de las Águilas,Paisaje Protegido,VI - UICN,39.89,Dry forest,0.04,0.00,0.00,0.00%,0.00,0.00%,0.00,0.04
Bahía de Luperón,Área de Manejo de Hábitat/Especies,IV - UICN,18.69,Wet broadleaf forest,0.11,0.00,0.02,23.58%,0.00,0.00%,0.02,0.08
Bahía de Luperón,Área de Manejo de Hábitat/Especies,IV - UICN,18.69,Moist broadleaf forest,2.61,0.00,0.10,4.00%,0.00,0.00%,0.10,2.50
Bahía de Luperón,Área de Manejo de Hábitat/Especies,IV - UICN,18.69,Semi-moist broadleaf forest,0.61,0.00,0.07,11.86%,0.00,0.00%,0.07,0.54
Bahía de Luperón,Área de Manejo de Hábitat/Especies,IV - UICN,18.69,Dry forest,1.07,0.00,0.14,12.70%,0.00,0.00%,0.14,0.94
Baiguate,Parque Nacional,II - UICN,52.43,Dense conifer forest,12.52,0.01,0.27,2.14%,0.00,0.00%,0.27,12.25
Baiguate,Parque Nacional,II - UICN,52.43,Open conifer forest,3.92,0.01,0.10,2.43%,0.00,0.00%,0.10,3.83
Baiguate,Parque Nacional,II - UICN,52.43,Wet broadleaf forest,4.20,0.00,0.02,0.51%,0.00,0.00%,0.02,4.17
Baiguate,Parque Nacional,II - UICN,52.43,Moist broadleaf forest,1.60,0.00,0.04,2.71%,0.00,0.00%,0.04,1.56
Baiguate,Parque Nacional,II - UICN,52.43,Semi-moist broadleaf forest,0.07,0.00,0.01,17.57%,0.00,0.00%,0.01,0.06
Barrero,Reservas Naturales,V - UICN,310.64,Moist broadleaf forest,1.16,0.00,0.01,0.48%,0.00,0.00%,0.01,1.15
Barrero,Reservas Naturales,V - UICN,310.64,Semi-moist broadleaf forest,0.10,0.00,0.00,0.00%,0.00,0.00%,0.00,0.10
Barrero,Reservas Naturales,V - UICN,310.64,Dry forest,15.47,0.01,0.17,1.08%,0.00,0.00%,0.17,15.30
Boca de Nigua,Paisaje Protegido,V - UICN,5.82,Semi-moist broadleaf forest,0.17,0.00,0.00,1.19%,0.00,0.00%,0.00,0.17
Bosque Húmedo de Río San Juan,Monumento Natural,III - UICN,1.59,Moist broadleaf forest,0.01,0.00,0.00,0.00%,0.00,0.00%,0.00,0.01
Bosque Húmedo de Río San Juan,Monumento Natural,III - UICN,1.59,Semi-moist broadleaf forest,0.71,0.00,0.00,0.18%,0.00,0.00%,0.00,0.71
Cañón Río Gurabo,Área de Manejo de Hábitat/Especies,IV - UICN,30.16,Moist broadleaf forest,0.00,0.00,0.00,0.00%,0.00,0.00%,0.00,0.00
Cañón Río Gurabo,Área de Manejo de Hábitat/Especies,IV - UICN,30.16,Semi-moist broadleaf forest,0.03,0.00,0.00,8.01%,0.00,0.00%,0.00,0.03
Cañón Río Gurabo,Área de Manejo de Hábitat/Especies,IV - UICN,30.16,Dry forest,6.98,0.00,1.00,14.37%,0.00,0.00%,1.00,5.98
Cabeza de Toro,Reservas Naturales,V - UICN,375.62,Moist broadleaf forest,9.38,0.00,0.10,1.03%,0.00,0.00%,0.10,9.29
Cabeza de Toro,Reservas Naturales,V - UICN,375.62,Semi-moist broadleaf forest,6.59,0.00,0.08,1.20%,0.00,0.00%,0.08,6.51
Cabeza de Toro,Reservas Naturales,V - UICN,375.62,Dry forest,82.83,0.04,0.64,0.78%,0.00,0.00%,0.64,82.18
Cabo Cabrón,Parque Nacional,II - UICN,35.62,Moist broadleaf forest,1.64,0.00,0.19,11.36%,0.02,9.99%,0.17,1.45
Cabo Cabrón,Parque Nacional,II - UICN,35.62,Semi-moist broadleaf forest,2.99,0.00,0.06,2.06%,0.00,5.48%,0.06,2.93
Cabo Francés Viejo,Monumento Natural,III - UICN,0.25,Moist broadleaf forest,0.02,0.00,0.00,7.55%,0.00,0.00%,0.00,0.02
Cabo Francés Viejo,Monumento Natural,III - UICN,0.25,Semi-moist broadleaf forest,0.01,0.00,0.00,10.25%,0.00,0.00%,0.00,0.01
Carretera Bayacanes-Jarabacoa,Paisaje Protegido,VI - UICN,16.23,Dense conifer forest,5.27,0.00,0.25,4.67%,0.00,0.00%,0.25,5.03
Carretera Bayacanes-Jarabacoa,Paisaje Protegido,VI - UICN,16.23,Open conifer forest,0.25,0.00,0.02,7.96%,0.00,0.00%,0.02,0.23
Carretera Bayacanes-Jarabacoa,Paisaje Protegido,VI - UICN,16.23,Moist broadleaf forest,1.26,0.00,0.05,3.94%,0.00,0.00%,0.05,1.21
Carretera Bayacanes-Jarabacoa,Paisaje Protegido,VI - UICN,16.23,Semi-moist broadleaf forest,1.40,0.00,0.12,8.51%,0.00,0.00%,0.12,1.28
Carretera Bayacanes-Jarabacoa,Paisaje Protegido,VI - UICN,16.23,Dry forest,0.17,0.00,0.01,4.83%,0.00,0.00%,0.01,0.16
Carretera Cabral - Polo,Paisaje Protegido,VI - UICN,10.16,Open conifer forest,0.04,0.00,0.00,5.93%,0.00,0.00%,0.00,0.04
Carretera Cabral - Polo,Paisaje Protegido,VI - UICN,10.16,Moist broadleaf forest,0.63,0.00,0.04,6.20%,0.00,0.00%,0.04,0.60
Carretera Cabral - Polo,Paisaje Protegido,VI - UICN,10.16,Semi-moist broadleaf forest,0.58,0.00,0.02,3.88%,0.00,0.00%,0.02,0.55
Carretera Cabral - Polo,Paisaje Protegido,VI - UICN,10.16,Dry forest,0.97,0.00,0.05,5.40%,0.00,0.00%,0.05,0.92
Carretera El Abanico - Constanza,Paisaje Protegido,VI - UICN,22.75,Dense conifer forest,0.22,0.00,0.01,3.22%,0.00,0.00%,0.01,0.21
Carretera El Abanico - Constanza,Paisaje Protegido,VI - UICN,22.75,Open conifer forest,0.22,0.00,0.01,6.12%,0.00,0.00%,0.01,0.20
Carretera El Abanico - Constanza,Paisaje Protegido,VI - UICN,22.75,Wet broadleaf forest,0.71,0.00,0.01,1.95%,0.00,0.00%,0.01,0.70
Carretera El Abanico - Constanza,Paisaje Protegido,VI - UICN,22.75,Moist broadleaf forest,4.23,0.00,0.07,1.75%,0.00,0.00%,0.07,4.16
Carretera El Abanico - Constanza,Paisaje Protegido,VI - UICN,22.75,Semi-moist broadleaf forest,0.17,0.00,0.01,5.30%,0.00,0.00%,0.01,0.16
Carretera Santiago - La Cumbre - Puerto Plata,Paisaje Protegido,VI - UICN,20.98,Wet broadleaf forest,0.00,0.00,0.00,0.00%,0.00,0.00%,0.00,0.00
Carretera Santiago - La Cumbre - Puerto Plata,Paisaje Protegido,VI - UICN,20.98,Moist broadleaf forest,0.91,0.00,0.08,8.68%,0.00,0.00%,0.08,0.83
Carretera Santiago - La Cumbre - Puerto Plata,Paisaje Protegido,VI - UICN,20.98,Semi-moist broadleaf forest,1.80,0.00,0.14,7.68%,0.00,0.00%,0.14,1.66
Carretera Santiago - La Cumbre - Puerto Plata,Paisaje Protegido,VI - UICN,20.98,Dry forest,0.04,0.00,0.00,0.00%,0.00,0.00%,0.00,0.04
Cayo Monte Cristo,Área de Manejo de Hábitat/Especies,IV - UICN,0.07,Dry forest,0.00,0.00,0.00,0.00%,0.00,0.00%,0.00,0.00
Cayos Siete Hermanos,Área de Manejo de Hábitat/Especies,IV - UICN,115.38,Moist broadleaf forest,0.00,0.00,0.00,0.00%,0.00,0.00%,0.00,0.00
Cayos Siete Hermanos,Área de Manejo de Hábitat/Especies,IV - UICN,115.38,Dry forest,0.00,0.00,0.00,0.00%,0.00,0.00%,0.00,0.00
Cayuco,Reserva Natural,V - UICN,5.04,Dry forest,2.61,0.00,0.01,0.25%,0.00,0.00%,0.01,2.60
Cerro Chacuey,Reserva Natural,V - UICN,51.89,Dense conifer forest,9.01,0.01,2.88,31.97%,0.02,0.53%,2.87,6.13
Cerro Chacuey,Reserva Natural,V - UICN,51.89,Open conifer forest,0.11,0.00,0.04,38.02%,0.00,0.00%,0.04,0.07
Cerro Chacuey,Reserva Natural,V - UICN,51.89,Wet broadleaf forest,0.07,0.00,0.02,32.21%,0.00,0.00%,0.02,0.05
Cerro Chacuey,Reserva Natural,V - UICN,51.89,Moist broadleaf forest,2.25,0.00,0.55,24.48%,0.01,1.07%,0.55,1.70
Cerro Chacuey,Reserva Natural,V - UICN,51.89,Semi-moist broadleaf forest,8.85,0.01,2.45,27.68%,0.01,0.34%,2.44,6.40
Cerro Chacuey,Reserva Natural,V - UICN,51.89,Dry forest,13.30,0.01,4.69,35.25%,0.01,0.14%,4.68,8.61
Cerro de Bocanigua,Reserva Natural,V - UICN,29.21,Dry forest,0.02,0.00,0.00,1.87%,0.00,0.14%,0.00,0.02
Cerro de San Francisco,Monumento Natural,III - UICN,4.03,Open conifer forest,0.02,0.00,0.00,3.87%,0.00,0.14%,0.00,0.02
Cerro de San Francisco,Monumento Natural,III - UICN,4.03,Moist broadleaf forest,0.03,0.00,0.00,2.38%,0.00,0.14%,0.00,0.03
Cerro de San Francisco,Monumento Natural,III - UICN,4.03,Semi-moist broadleaf forest,0.22,0.00,0.00,0.00%,0.00,0.14%,0.00,0.22
Cerro de San Francisco,Monumento Natural,III - UICN,4.03,Dry forest,2.14,0.00,0.06,2.72%,0.00,0.14%,0.06,2.08
Cotubanamá (Del Este),Parque Nacional,II - UICN,796.41,Moist broadleaf forest,0.11,0.00,0.01,12.69%,0.00,0.14%,0.01,0.10
Cotubanamá (Del Este),Parque Nacional,II - UICN,796.41,Semi-moist broadleaf forest,293.18,0.19,6.03,2.06%,0.00,0.14%,6.03,287.15
Diego de Ocampo,Monumento Natural,III - UICN,25.34,Moist broadleaf forest,0.27,0.00,0.01,2.33%,0.00,0.14%,0.01,0.27
Diego de Ocampo,Monumento Natural,III - UICN,25.34,Semi-moist broadleaf forest,0.51,0.00,0.01,1.87%,0.00,0.14%,0.01,0.50
Diego de Ocampo,Monumento Natural,III - UICN,25.34,Dry forest,8.04,0.00,0.29,3.60%,0.00,0.00%,0.29,7.75
Don Rafael Herrera Cabral,Monumento Natural,III - UICN,0.50,Semi-moist broadleaf forest,0.01,0.00,0.00,16.81%,0.00,0.00%,0.00,0.01
El Morro,Parque Nacional,II - UICN,18.36,Dry forest,0.14,0.00,0.00,3.36%,0.00,0.00%,0.00,0.14
El Saltadero,Monumento Natural,III - UICN,2.38,Moist broadleaf forest,0.28,0.00,0.02,6.00%,0.00,0.00%,0.02,0.26
El Saltadero,Monumento Natural,III - UICN,2.38,Semi-moist broadleaf forest,0.03,0.00,0.00,4.48%,0.00,0.00%,0.00,0.03
Entrada de Mao,Paisaje Protegido,VI - UICN,54.37,Moist broadleaf forest,0.00,0.00,0.00,100.00%,0.00,0.00%,0.00,0.00
Entrada de Mao,Paisaje Protegido,VI - UICN,54.37,Semi-moist broadleaf forest,0.02,0.00,0.01,38.47%,0.00,0.00%,0.01,0.01
Entrada de Mao,Paisaje Protegido,VI - UICN,54.37,Dry forest,8.47,0.00,2.00,23.64%,0.00,0.00%,2.00,6.47
Francisco Alberto Caamaño Deño,Parque Nacional,II - UICN,587.51,Dense conifer forest,0.09,0.00,0.00,4.84%,0.00,73.09%,0.00,0.08
Francisco Alberto Caamaño Deño,Parque Nacional,II - UICN,587.51,Open conifer forest,0.26,0.00,0.01,3.49%,0.00,36.21%,0.01,0.26
Francisco Alberto Caamaño Deño,Parque Nacional,II - UICN,587.51,Moist broadleaf forest,29.32,0.01,0.94,3.19%,0.03,3.72%,0.90,28.38
Francisco Alberto Caamaño Deño,Parque Nacional,II - UICN,587.51,Semi-moist broadleaf forest,0.32,0.00,0.01,2.58%,0.00,0.00%,0.01,0.31
Francisco Alberto Caamaño Deño,Parque Nacional,II - UICN,587.51,Dry forest,64.86,0.03,1.71,2.64%,0.00,0.05%,1.71,63.15
Francisco Alberto Caamaño Deño Mar,Parque Nacional,II - UICN,587.51,Dry forest,0.00,0.00,0.00,0.00%,0.00,0.05%,0.00,0.00
Gran Estero,Área de Manejo de Hábitat/Especies,IV - UICN,152.16,Moist broadleaf forest,1.23,0.00,0.11,8.83%,0.00,0.05%,0.11,1.12
Gran Estero,Área de Manejo de Hábitat/Especies,IV - UICN,152.16,Semi-moist broadleaf forest,0.10,0.00,0.00,0.73%,0.00,0.05%,0.00,0.10
Guagui,Paisaje Protegido,VI - UICN,41.47,Dense conifer forest,23.69,0.01,0.91,3.84%,0.00,0.05%,0.91,22.77
Guagui,Paisaje Protegido,VI - UICN,41.47,Open conifer forest,0.28,0.00,0.01,4.43%,0.00,0.05%,0.01,0.26
Guagui,Paisaje Protegido,VI - UICN,41.47,Moist broadleaf forest,3.46,0.00,0.06,1.81%,0.00,0.05%,0.06,3.40
Guagui,Paisaje Protegido,VI - UICN,41.47,Semi-moist broadleaf forest,1.78,0.00,0.07,3.64%,0.00,0.05%,0.07,1.72
Guanito,Reserva Natural,V - UICN,68.95,Open conifer forest,0.00,0.00,0.00,0.00%,0.00,0.05%,0.00,0.00
Guanito,Reserva Natural,V - UICN,68.95,Moist broadleaf forest,0.00,0.00,0.00,0.00%,0.00,0.05%,0.00,0.00
Guanito,Reserva Natural,V - UICN,68.95,Semi-moist broadleaf forest,0.00,0.00,0.00,0.00%,0.00,0.05%,0.00,0.00
Guanito,Reserva Natural,V - UICN,68.95,Dry forest,9.94,0.00,0.24,2.45%,0.00,0.05%,0.24,9.70
Guaraguao - Punta Catuano,Paisaje Protegido,VI - UICN,18.60,Moist broadleaf forest,0.03,0.00,0.00,0.00%,0.00,0.05%,0.00,0.03
Guaraguao - Punta Catuano,Paisaje Protegido,VI - UICN,18.60,Semi-moist broadleaf forest,9.93,0.01,0.00,0.02%,0.00,0.00%,0.00,9.93
Hatillo,Reservas Naturales,V - UICN,319.18,Dense conifer forest,0.06,0.00,0.00,2.38%,0.00,55.87%,0.00,0.06
Hatillo,Reservas Naturales,V - UICN,319.18,Open conifer forest,0.21,0.00,0.01,2.49%,0.00,0.00%,0.01,0.20
Hatillo,Reservas Naturales,V - UICN,319.18,Moist broadleaf forest,27.36,0.01,0.90,3.29%,0.01,0.97%,0.89,26.46
Hatillo,Reservas Naturales,V - UICN,319.18,Semi-moist broadleaf forest,0.28,0.00,0.01,2.65%,0.00,0.00%,0.01,0.28
Hatillo,Reservas Naturales,V - UICN,319.18,Dry forest,68.35,0.03,1.90,2.78%,0.00,0.04%,1.90,66.45
Hoyo Claro,Monumento Natural,III - UICN,39.30,Moist broadleaf forest,0.00,0.00,0.00,74.93%,0.00,0.00%,0.00,0.00
Hoyo Claro,Monumento Natural,III - UICN,39.30,Semi-moist broadleaf forest,7.68,0.01,0.89,11.53%,0.00,0.00%,0.89,6.80
Humedales del Bajo Yaque del Sur,Área de Manejo de Hábitat/Especies,IV - UICN,58.46,Dry forest,0.15,0.00,0.00,0.52%,0.00,0.00%,0.00,0.15
Humedales del Ozama,Parque Nacional,II - UICN,46.42,Moist broadleaf forest,1.16,0.00,0.03,2.29%,0.00,0.00%,0.03,1.13
Humedales del Ozama,Parque Nacional,II - UICN,46.42,Semi-moist broadleaf forest,0.24,0.00,0.00,0.50%,0.00,0.00%,0.00,0.24
Isla Catalina,Monumento Natural,III - UICN,16.24,Semi-moist broadleaf forest,3.87,0.00,0.03,0.80%,0.00,0.00%,0.03,3.84
Jaragua,Parque Nacional,II - UICN,1535.02,Moist broadleaf forest,0.39,0.00,0.07,17.21%,0.00,0.00%,0.07,0.32
Jaragua,Parque Nacional,II - UICN,1535.02,Semi-moist broadleaf forest,49.19,0.03,1.83,3.73%,0.00,0.00%,1.83,47.35
Jaragua,Parque Nacional,II - UICN,1535.02,Dry forest,227.97,0.10,2.08,0.91%,0.00,0.00%,2.08,225.89
José del Carmen Ramírez,Parque Nacional,II - UICN,749.76,Dense conifer forest,308.34,0.19,47.91,15.54%,41.76,87.17%,6.15,260.43
José del Carmen Ramírez,Parque Nacional,II - UICN,749.76,Open conifer forest,68.81,0.11,15.40,22.38%,14.39,93.44%,1.01,53.41
José del Carmen Ramírez,Parque Nacional,II - UICN,749.76,Wet broadleaf forest,65.08,0.07,11.07,17.01%,5.67,51.24%,5.40,54.01
José del Carmen Ramírez,Parque Nacional,II - UICN,749.76,Moist broadleaf forest,34.24,0.01,4.10,11.98%,2.93,71.40%,1.17,30.13
José del Carmen Ramírez,Parque Nacional,II - UICN,749.76,Semi-moist broadleaf forest,0.58,0.00,0.13,22.07%,0.07,53.27%,0.06,0.45
José del Carmen Ramírez,Parque Nacional,II - UICN,749.76,Dry forest,1.41,0.00,0.09,6.59%,0.00,4.57%,0.09,1.31
La Gran Laguna o Perucho,Área de Manejo de Hábitat/Especies,IV - UICN,7.32,Moist broadleaf forest,0.00,0.00,0.00,0.00%,0.00,0.00%,0.00,0.00
La Gran Laguna o Perucho,Área de Manejo de Hábitat/Especies,IV - UICN,7.32,Semi-moist broadleaf forest,0.00,0.00,0.00,0.00%,0.00,0.00%,0.00,0.00
La Gran Sabana,Parque Nacional,II - UICN,219.58,Semi-moist broadleaf forest,0.00,0.00,0.00,0.00%,0.00,0.00%,0.00,0.00
La Gran Sabana,Parque Nacional,II - UICN,219.58,Dry forest,1.58,0.00,0.11,6.72%,0.00,0.00%,0.11,1.47
La Salcedoa,Área de Protección Estricta,Ia - UICN,41.22,Moist broadleaf forest,16.78,0.01,3.31,19.74%,0.00,0.00%,3.31,13.47
La Salcedoa,Área de Protección Estricta,Ia - UICN,41.22,Semi-moist broadleaf forest,0.01,0.00,0.00,0.00%,0.00,0.00%,0.00,0.01
La Tinaja,Monumento Natural,III - UICN,29.52,Moist broadleaf forest,0.59,0.00,0.04,6.62%,0.00,0.00%,0.04,0.55
La Tinaja,Monumento Natural,III - UICN,29.52,Semi-moist broadleaf forest,0.05,0.00,0.00,8.67%,0.00,0.00%,0.00,0.04
La Tinaja,Monumento Natural,III - UICN,29.52,Dry forest,0.09,0.00,0.00,0.43%,0.00,0.00%,0.00,0.09
Lago Enriquillo e Isla Cabritos,Parque Nacional,II - UICN,404.93,Moist broadleaf forest,0.00,0.00,0.00,0.00%,0.00,0.00%,0.00,0.00
Lago Enriquillo e Isla Cabritos,Parque Nacional,II - UICN,404.93,Semi-moist broadleaf forest,0.09,0.00,0.02,19.74%,0.00,0.00%,0.02,0.07
Lago Enriquillo e Isla Cabritos,Parque Nacional,II - UICN,404.93,Dry forest,1.11,0.00,0.18,16.18%,0.00,0.00%,0.18,0.93
Laguna Cabral o Rincón,Área de Manejo de Hábitat/Especies,IV - UICN,56.04,Semi-moist broadleaf forest,0.00,0.00,0.00,100.00%,0.00,0.00%,0.00,0.00
Laguna Cabral o Rincón,Área de Manejo de Hábitat/Especies,IV - UICN,56.04,Dry forest,0.19,0.00,0.02,10.18%,0.00,0.00%,0.02,0.17
Laguna Gri-Grí,Monumento Natural,III - UICN,16.15,Moist broadleaf forest,0.03,0.00,0.00,0.00%,0.00,0.00%,0.00,0.03
Laguna Gri-Grí,Monumento Natural,III - UICN,16.15,Semi-moist broadleaf forest,0.01,0.00,0.00,0.00%,0.00,0.00%,0.00,0.01
Laguna Mallén,Área de Manejo de Hábitat/Especies,IV - UICN,1.41,Moist broadleaf forest,0.00,0.00,0.00,0.00%,0.00,0.00%,0.00,0.00
Laguna Saladilla,Área de Manejo de Hábitat/Especies,IV - UICN,31.11,Moist broadleaf forest,0.01,0.00,0.00,5.65%,0.00,0.00%,0.00,0.01
Laguna Saladilla,Área de Manejo de Hábitat/Especies,IV - UICN,31.11,Semi-moist broadleaf forest,0.35,0.00,0.06,16.86%,0.00,0.00%,0.06,0.29
Laguna Saladilla,Área de Manejo de Hábitat/Especies,IV - UICN,31.11,Dry forest,2.26,0.00,0.11,4.98%,0.00,0.00%,0.11,2.15
Lagunas Cabarete y Goleta,Monumento Natural,III - UICN,71.80,Moist broadleaf forest,22.02,0.01,1.85,8.39%,0.00,0.00%,1.84,20.17
Lagunas Cabarete y Goleta,Monumento Natural,III - UICN,71.80,Semi-moist broadleaf forest,1.52,0.00,0.11,7.35%,0.00,0.00%,0.11,1.41
Lagunas de Bávaro y El Caletón,Área de Manejo de Hábitat/Especies,IV - UICN,6.40,Semi-moist broadleaf forest,0.00,0.00,0.00,0.00%,0.00,0.00%,0.00,0.00
Lagunas Redonda y Limón,Área de Manejo de Hábitat/Especies,IV - UICN,32.25,Moist broadleaf forest,0.29,0.00,0.00,0.91%,0.00,0.00%,0.00,0.29
Lagunas Redonda y Limón,Área de Manejo de Hábitat/Especies,IV - UICN,32.25,Semi-moist broadleaf forest,0.04,0.00,0.00,2.01%,0.00,0.00%,0.00,0.04
Las Caobas,Monumento Natural,III - UICN,105.47,Moist broadleaf forest,4.41,0.00,1.89,42.87%,0.00,0.00%,1.89,2.52
Las Caobas,Monumento Natural,III - UICN,105.47,Semi-moist broadleaf forest,13.24,0.01,3.89,29.41%,0.00,0.00%,3.89,9.34
Las Caobas,Monumento Natural,III - UICN,105.47,Dry forest,15.46,0.01,3.72,24.09%,0.00,0.00%,3.72,11.74
Las Dunas de las Calderas,Monumento Natural,III - UICN,17.48,Dry forest,0.16,0.00,0.00,0.00%,0.00,0.00%,0.00,0.16
Las Marías,Monumento Natural,III - UICN,4.51,Semi-moist broadleaf forest,0.00,0.00,0.00,0.00%,0.00,0.00%,0.00,0.00
Las Marías,Monumento Natural,III - UICN,4.51,Dry forest,0.15,0.00,0.02,13.22%,0.00,0.00%,0.02,0.13
Las Matas,Reserva Natural,V - UICN,47.78,Dry forest,0.13,0.00,0.06,44.37%,0.00,0.00%,0.06,0.07
Las Neblinas,Área de Protección Estricta,Ia - UICN,40.78,Dense conifer forest,0.01,0.00,0.00,0.00%,0.00,0.00%,0.00,0.01
Las Neblinas,Área de Protección Estricta,Ia - UICN,40.78,Open conifer forest,0.14,0.00,0.03,23.33%,0.02,57.52%,0.01,0.11
Las Neblinas,Área de Protección Estricta,Ia - UICN,40.78,Wet broadleaf forest,2.89,0.00,0.23,8.07%,0.07,27.97%,0.17,2.65
Las Neblinas,Área de Protección Estricta,Ia - UICN,40.78,Moist broadleaf forest,22.35,0.01,0.78,3.49%,0.00,0.00%,0.78,21.57
Las Neblinas,Área de Protección Estricta,Ia - UICN,40.78,Semi-moist broadleaf forest,0.15,0.00,0.03,19.32%,0.00,2.98%,0.03,0.12
Loma Barbacoa,Área de Protección Estricta,Ia - UICN,13.71,Moist broadleaf forest,8.89,0.00,0.26,2.88%,0.00,0.00%,0.26,8.63
Loma Charco Azul,Área de Protección Estricta,Ib - UICN,174.19,Dense conifer forest,0.01,0.00,0.00,3.81%,0.00,0.00%,0.00,0.01
Loma Charco Azul,Área de Protección Estricta,Ib - UICN,174.19,Open conifer forest,1.11,0.00,0.17,15.31%,0.00,0.00%,0.17,0.94
Loma Charco Azul,Área de Protección Estricta,Ib - UICN,174.19,Wet broadleaf forest,0.09,0.00,0.02,19.85%,0.00,0.00%,0.02,0.07
Loma Charco Azul,Área de Protección Estricta,Ib - UICN,174.19,Moist broadleaf forest,14.31,0.01,1.98,13.87%,0.00,0.00%,1.98,12.33
Loma Charco Azul,Área de Protección Estricta,Ib - UICN,174.19,Semi-moist broadleaf forest,9.72,0.01,2.04,21.03%,0.00,0.00%,2.04,7.67
Loma Charco Azul,Área de Protección Estricta,Ib - UICN,174.19,Dry forest,35.05,0.02,2.18,6.22%,0.02,0.70%,2.16,32.87
Loma El 20,Reserva Natural,V - UICN,0.00,Moist broadleaf forest,0.02,0.00,0.00,0.00%,0.00,0.00%,0.00,0.02
Loma El 20,Reserva Natural,V - UICN,0.00,Dry forest,5.37,0.00,0.73,13.51%,0.56,77.25%,0.17,4.64
Loma Guaconejo,Área de Protección Estricta,Ia - UICN,23.37,Moist broadleaf forest,13.77,0.01,0.17,1.20%,0.00,0.00%,0.17,13.61
Loma Guaconejo,Área de Protección Estricta,Ia - UICN,23.37,Semi-moist broadleaf forest,0.06,0.00,0.00,1.34%,0.00,0.00%,0.00,0.06
Loma Isabel de Torres,Monumento Natural,III - UICN,16.61,Wet broadleaf forest,0.14,0.00,0.01,8.01%,0.00,0.00%,0.01,0.13
Loma Isabel de Torres,Monumento Natural,III - UICN,16.61,Moist broadleaf forest,0.10,0.00,0.00,4.27%,0.00,0.00%,0.00,0.10
Loma Isabel de Torres,Monumento Natural,III - UICN,16.61,Semi-moist broadleaf forest,7.30,0.00,0.13,1.82%,0.00,0.00%,0.13,7.17
Loma Isabel de Torres,Monumento Natural,III - UICN,16.61,Dry forest,0.03,0.00,0.00,7.77%,0.00,0.00%,0.00,0.03
Loma la Altagracia o Loma la Enea,Monumento Natural,III - UICN,0.68,Semi-moist broadleaf forest,0.04,0.00,0.00,2.07%,0.00,0.00%,0.00,0.04
Loma Novillero,Reserva Natural,V - UICN,12.89,Dense conifer forest,4.85,0.00,0.20,4.14%,0.00,0.00%,0.20,4.65
Loma Novillero,Reserva Natural,V - UICN,12.89,Moist broadleaf forest,0.33,0.00,0.02,6.48%,0.00,0.00%,0.02,0.31
Loma Novillero,Reserva Natural,V - UICN,12.89,Semi-moist broadleaf forest,0.05,0.00,0.00,5.59%,0.00,0.00%,0.00,0.04
Loma Novillero,Reserva Natural,V - UICN,12.89,Dry forest,0.00,0.00,0.00,0.00%,0.00,0.00%,0.00,0.00
Loma Quita Espuela,Área de Protección Estricta,Ia - UICN,75.74,Moist broadleaf forest,38.35,0.01,0.53,1.38%,0.00,0.00%,0.53,37.83
Loma Quita Espuela,Área de Protección Estricta,Ia - UICN,75.74,Semi-moist broadleaf forest,0.05,0.00,0.00,3.40%,0.00,0.00%,0.00,0.05
Los Cacheos,Monumento Natural,III - UICN,55.77,Dry forest,0.17,0.00,0.00,0.73%,0.01,559.43%,-0.01,0.17
Los Haitises,Parque Nacional,II - UICN,631.68,Moist broadleaf forest,177.91,0.07,26.01,14.62%,1.51,5.82%,24.49,151.90
Los Haitises,Parque Nacional,II - UICN,631.68,Semi-moist broadleaf forest,0.47,0.00,0.03,6.89%,0.01,15.71%,0.03,0.44
Luis Quin,Parque Nacional,II - UICN,197.29,Wet broadleaf forest,0.00,0.00,0.00,0.00%,0.00,0.00%,0.00,0.00
Luis Quin,Parque Nacional,II - UICN,197.29,Moist broadleaf forest,53.62,0.02,0.65,1.21%,0.00,0.00%,0.65,52.98
Luis Quin,Parque Nacional,II - UICN,197.29,Semi-moist broadleaf forest,3.46,0.00,0.07,2.05%,0.00,0.00%,0.07,3.39
Luis Quin,Parque Nacional,II - UICN,197.29,Dry forest,0.00,0.00,0.00,0.00%,0.00,0.00%,0.00,0.00
Máximo Gómez,Parque Nacional,II - UICN,42.30,Moist broadleaf forest,0.00,0.00,0.00,0.00%,0.00,0.00%,0.00,0.00
Máximo Gómez,Parque Nacional,II - UICN,42.30,Semi-moist broadleaf forest,2.87,0.00,0.09,3.11%,0.00,0.00%,0.09,2.78
Manglar de la Jina,Área de Manejo de Hábitat/Especies,IV - UICN,52.86,Moist broadleaf forest,0.88,0.00,0.03,3.48%,0.00,0.00%,0.03,0.85
Manglar de la Jina,Área de Manejo de Hábitat/Especies,IV - UICN,52.86,Semi-moist broadleaf forest,0.01,0.00,0.00,0.00%,0.00,0.00%,0.00,0.01
Manglares de Estero Balsa,Parque Nacional,II - UICN,56.55,Semi-moist broadleaf forest,0.00,0.00,0.00,0.00%,0.00,0.00%,0.00,0.00
Manglares de Estero Balsa,Parque Nacional,II - UICN,56.55,Dry forest,0.07,0.00,0.00,3.76%,0.00,0.00%,0.00,0.06
Manglares del Bajo Yuna,Parque Nacional,II - UICN,121.16,Moist broadleaf forest,0.43,0.00,0.01,1.51%,0.00,0.00%,0.01,0.42
Manglares del Bajo Yuna,Parque Nacional,II - UICN,121.16,Semi-moist broadleaf forest,0.01,0.00,0.00,0.00%,0.00,0.00%,0.00,0.01
Manolo Tavarez Justo,Parque Nacional,II - UICN,351.73,Dense conifer forest,132.26,0.08,13.35,10.09%,0.00,0.00%,13.35,118.91
Manolo Tavarez Justo,Parque Nacional,II - UICN,351.73,Open conifer forest,15.34,0.02,1.41,9.16%,0.00,0.00%,1.41,13.93
Manolo Tavarez Justo,Parque Nacional,II - UICN,351.73,Wet broadleaf forest,46.22,0.05,4.02,8.69%,0.00,0.00%,4.02,42.20
Manolo Tavarez Justo,Parque Nacional,II - UICN,351.73,Moist broadleaf forest,35.60,0.01,2.12,5.96%,0.00,0.00%,2.12,33.47
Manolo Tavarez Justo,Parque Nacional,II - UICN,351.73,Semi-moist broadleaf forest,3.19,0.00,0.48,15.11%,0.00,0.00%,0.48,2.70
Manolo Tavarez Justo,Parque Nacional,II - UICN,351.73,Dry forest,13.25,0.01,2.07,15.62%,0.00,0.00%,2.07,11.18
Mirador del Atlántico,Paisaje Protegido,VI - UICN,12.12,Moist broadleaf forest,0.48,0.00,0.02,3.16%,0.00,0.00%,0.02,0.46
Mirador del Atlántico,Paisaje Protegido,VI - UICN,12.12,Semi-moist broadleaf forest,1.35,0.00,0.07,5.43%,0.00,0.00%,0.07,1.28
Mirador del Paraíso,Paisaje Protegido,VI - UICN,21.36,Moist broadleaf forest,0.01,0.00,0.00,15.75%,0.00,0.00%,0.00,0.01
Mirador del Paraíso,Paisaje Protegido,VI - UICN,21.36,Semi-moist broadleaf forest,2.48,0.00,0.28,11.10%,0.00,0.00%,0.28,2.21
Mirador del Paraíso,Paisaje Protegido,VI - UICN,21.36,Dry forest,0.38,0.00,0.05,12.18%,0.00,0.00%,0.05,0.34
Montaña La Humeadora,Parque Nacional,II - UICN,305.41,Dense conifer forest,0.03,0.00,0.00,14.06%,0.00,0.00%,0.00,0.03
Montaña La Humeadora,Parque Nacional,II - UICN,305.41,Wet broadleaf forest,0.00,0.00,0.00,0.00%,0.00,0.00%,0.00,0.00
Montaña La Humeadora,Parque Nacional,II - UICN,305.41,Moist broadleaf forest,122.20,0.05,4.21,3.45%,0.00,0.00%,4.21,117.98
Montaña La Humeadora,Parque Nacional,II - UICN,305.41,Semi-moist broadleaf forest,0.01,0.00,0.00,0.00%,0.00,0.00%,0.00,0.01
Montaña La Humeadora,Parque Nacional,II - UICN,305.41,Dry forest,0.01,0.00,0.00,19.75%,0.00,0.00%,0.00,0.01
Monumento Natural Miguel Domingo Fuerte,Área de Manejo de Hábitat/Especies,III - UICN,33.53,Dense conifer forest,0.29,0.00,0.02,6.54%,0.00,0.00%,0.02,0.27
Monumento Natural Miguel Domingo Fuerte,Área de Manejo de Hábitat/Especies,III - UICN,33.53,Open conifer forest,0.40,0.00,0.03,6.87%,0.00,0.00%,0.03,0.37
Monumento Natural Miguel Domingo Fuerte,Área de Manejo de Hábitat/Especies,III - UICN,33.53,Moist broadleaf forest,16.46,0.01,0.87,5.31%,0.00,0.00%,0.87,15.59
Monumento Natural Miguel Domingo Fuerte,Área de Manejo de Hábitat/Especies,III - UICN,33.53,Semi-moist broadleaf forest,0.40,0.00,0.05,11.90%,0.00,0.00%,0.05,0.35
Nalga de Maco,Parque Nacional,II - UICN,165.85,Dense conifer forest,22.10,0.01,3.36,15.22%,0.00,0.10%,3.36,18.73
Nalga de Maco,Parque Nacional,II - UICN,165.85,Open conifer forest,8.42,0.01,0.74,8.82%,0.00,0.00%,0.74,7.67
Nalga de Maco,Parque Nacional,II - UICN,165.85,Wet broadleaf forest,38.70,0.04,3.11,8.04%,0.00,0.08%,3.11,35.59
Nalga de Maco,Parque Nacional,II - UICN,165.85,Moist broadleaf forest,18.73,0.01,1.22,6.54%,0.00,0.00%,1.22,17.51
Nalga de Maco,Parque Nacional,II - UICN,165.85,Semi-moist broadleaf forest,2.74,0.00,0.45,16.38%,0.00,0.38%,0.45,2.29
Nalga de Maco,Parque Nacional,II - UICN,165.85,Dry forest,0.37,0.00,0.09,25.79%,0.00,0.00%,0.09,0.27
Picky Lora,Parque Nacional,II - UICN,112.28,Open conifer forest,0.06,0.00,0.03,55.71%,0.00,0.00%,0.03,0.03
Picky Lora,Parque Nacional,II - UICN,112.28,Moist broadleaf forest,0.89,0.00,0.01,0.82%,0.00,0.00%,0.01,0.88
Picky Lora,Parque Nacional,II - UICN,112.28,Semi-moist broadleaf forest,0.90,0.00,0.01,1.28%,0.00,0.00%,0.01,0.89
Picky Lora,Parque Nacional,II - UICN,112.28,Dry forest,52.62,0.02,3.31,6.29%,0.00,0.10%,3.30,49.31
Playa Blanca,Paisaje Protegido,VI - UICN,6.66,Dry forest,1.18,0.00,0.00,0.10%,0.00,0.00%,0.00,1.18
Playa de Cabo Rojo - Pedernales,Paisaje Protegido,VI - UICN,17.52,Dry forest,0.15,0.00,0.01,5.47%,0.00,0.00%,0.01,0.15
Punta Bayahibe,Monumento Natural,III - UICN,1.51,Semi-moist broadleaf forest,0.00,0.00,0.00,0.00%,0.00,0.00%,0.00,0.00
Punta Espada,Parque Nacional,II - UICN,82.24,Moist broadleaf forest,0.05,0.00,0.00,4.84%,0.00,0.00%,0.00,0.05
Punta Espada,Parque Nacional,II - UICN,82.24,Semi-moist broadleaf forest,17.14,0.01,4.80,27.99%,0.00,0.00%,4.80,12.34
Ría Maimón,Área de Manejo de Hábitat/Especies,IV - UICN,4.83,Semi-moist broadleaf forest,0.03,0.00,0.00,0.00%,0.00,0.00%,0.00,0.03
Río Cana,Reserva Natural,V - UICN,259.95,Moist broadleaf forest,0.01,0.00,0.00,0.00%,0.00,0.00%,0.00,0.01
Río Cana,Reserva Natural,V - UICN,259.95,Semi-moist broadleaf forest,0.02,0.00,0.00,8.50%,0.00,0.00%,0.00,0.02
Río Cana,Reserva Natural,V - UICN,259.95,Dry forest,71.36,0.03,3.11,4.35%,0.00,0.00%,3.11,68.25
Río Cana,Área de Manejo de Hábitat/Especies,IV - UICN,38.77,Semi-moist broadleaf forest,0.01,0.00,0.00,29.13%,0.00,0.00%,0.00,0.01
Río Chacuey,Área de Manejo de Hábitat/Especies,IV - UICN,38.77,Dry forest,8.69,0.00,1.25,14.33%,0.00,0.00%,1.25,7.45
Río Cumayasa y Cueva de las Maravillas,Monumento Natural,III - UICN,88.76,Moist broadleaf forest,1.20,0.00,0.23,18.90%,0.00,0.00%,0.23,0.97
Río Cumayasa y Cueva de las Maravillas,Monumento Natural,III - UICN,88.76,Semi-moist broadleaf forest,0.02,0.00,0.00,20.73%,0.00,0.00%,0.00,0.01
Río Dulce,Área de Manejo de Hábitat/Especies,IV - UICN,1.92,Moist broadleaf forest,0.03,0.00,0.00,9.30%,0.00,0.00%,0.00,0.03
Río Dulce,Área de Manejo de Hábitat/Especies,IV - UICN,1.92,Semi-moist broadleaf forest,0.00,0.00,0.00,0.00%,0.00,0.00%,0.00,0.00
Río Higuamo,Área de Manejo de Hábitat/Especies,IV - UICN,18.49,Moist broadleaf forest,1.40,0.00,0.01,1.02%,0.00,0.00%,0.01,1.38
Río Higuamo,Área de Manejo de Hábitat/Especies,IV - UICN,18.49,Semi-moist broadleaf forest,0.30,0.00,0.00,1.17%,0.00,0.00%,0.00,0.30
Río Soco,Área de Manejo de Hábitat/Especies,IV - UICN,11.76,Moist broadleaf forest,0.76,0.00,0.08,10.12%,0.00,0.00%,0.08,0.68
Río Soco,Área de Manejo de Hábitat/Especies,IV - UICN,11.76,Semi-moist broadleaf forest,0.03,0.00,0.00,0.00%,0.00,0.00%,0.00,0.03
Reserva Antropológica Cuevas de Borbón o del Pomier,Monumento Natural,III - UICN,5.02,Moist broadleaf forest,0.06,0.00,0.00,0.00%,0.00,0.00%,0.00,0.06
Reserva Antropológica Cuevas de Borbón o del Pomier,Monumento Natural,III - UICN,5.02,Semi-moist broadleaf forest,0.00,0.00,0.00,0.00%,0.00,0.00%,0.00,0.00
Salto de Jimenoa,Monumento Natural,III - UICN,17.43,Dense conifer forest,0.01,0.00,0.00,0.00%,0.00,0.00%,0.00,0.01
Salto de Jimenoa,Monumento Natural,III - UICN,17.43,Open conifer forest,0.16,0.00,0.00,2.32%,0.00,0.00%,0.00,0.16
Salto de Jimenoa,Monumento Natural,III - UICN,17.43,Wet broadleaf forest,7.37,0.01,0.01,0.11%,0.00,0.00%,0.01,7.36
Salto de Jimenoa,Monumento Natural,III - UICN,17.43,Moist broadleaf forest,3.74,0.00,0.03,0.83%,0.00,0.00%,0.03,3.71
Salto de Jimenoa,Monumento Natural,III - UICN,17.43,Semi-moist broadleaf forest,0.01,0.00,0.00,17.71%,0.00,0.00%,0.00,0.01
Salto de Jimenoa,Monumento Natural,III - UICN,17.43,Dry forest,0.00,0.00,0.00,0.00%,0.00,0.00%,0.00,0.00
Salto de La Damajagua,Monumento Natural,III - UICN,5.53,Moist broadleaf forest,0.91,0.00,0.03,3.53%,0.00,0.00%,0.03,0.88
Salto de La Damajagua,Monumento Natural,III - UICN,5.53,Semi-moist broadleaf forest,1.59,0.00,0.07,4.13%,0.00,0.00%,0.07,1.52
Salto de La Damajagua,Monumento Natural,III - UICN,5.53,Dry forest,0.08,0.00,0.00,0.00%,0.00,0.00%,0.00,0.08
Salto de Socoa,Monumento Natural,III - UICN,68.30,Moist broadleaf forest,4.84,0.00,0.98,20.30%,0.00,0.09%,0.98,3.85
Salto de Socoa,Monumento Natural,III - UICN,68.30,Semi-moist broadleaf forest,0.05,0.00,0.03,52.91%,0.00,0.00%,0.03,0.02
Salto El Limón,Monumento Natural,III - UICN,16.48,Moist broadleaf forest,2.73,0.00,0.20,7.17%,0.00,0.00%,0.20,2.53
Salto El Limón,Monumento Natural,III - UICN,16.48,Semi-moist broadleaf forest,0.06,0.00,0.00,1.38%,0.00,0.00%,0.00,0.06
Salto Grande,Monumento Natural,III - UICN,14.76,Moist broadleaf forest,1.52,0.00,0.14,9.01%,0.00,0.00%,0.14,1.39
Salto Grande,Monumento Natural,III - UICN,14.76,Semi-moist broadleaf forest,0.01,0.00,0.00,0.00%,0.00,0.00%,0.00,0.01
Saltos de Jima,Monumento Natural,III - UICN,18.56,Wet broadleaf forest,0.02,0.00,0.00,0.00%,0.00,0.00%,0.00,0.02
Saltos de Jima,Monumento Natural,III - UICN,18.56,Moist broadleaf forest,2.36,0.00,0.07,3.17%,0.00,0.00%,0.07,2.29
Saltos de Jima,Monumento Natural,III - UICN,18.56,Semi-moist broadleaf forest,0.02,0.00,0.00,9.11%,0.00,0.00%,0.00,0.02
Saltos de la Jalda,Parque Nacional,II - UICN,36.43,Moist broadleaf forest,9.73,0.00,0.40,4.08%,0.00,0.00%,0.40,9.34
Saltos de la Jalda,Parque Nacional,II - UICN,36.43,Semi-moist broadleaf forest,0.00,0.00,0.00,0.00%,0.00,0.00%,0.00,0.00
Sierra de Bahoruco,Parque Nacional,II - UICN,1092.27,Dense conifer forest,96.53,0.06,8.95,9.27%,1.45,16.15%,7.50,87.58
Sierra de Bahoruco,Parque Nacional,II - UICN,1092.27,Open conifer forest,140.25,0.22,23.94,17.07%,10.00,41.78%,13.94,116.31
Sierra de Bahoruco,Parque Nacional,II - UICN,1092.27,Wet broadleaf forest,92.62,0.10,7.56,8.16%,0.67,8.84%,6.89,85.06
Sierra de Bahoruco,Parque Nacional,II - UICN,1092.27,Moist broadleaf forest,101.67,0.04,8.58,8.44%,0.58,6.79%,7.99,93.09
Sierra de Bahoruco,Parque Nacional,II - UICN,1092.27,Semi-moist broadleaf forest,89.49,0.06,13.88,15.51%,0.27,1.94%,13.61,75.61
Sierra de Bahoruco,Parque Nacional,II - UICN,1092.27,Dry forest,155.47,0.07,7.89,5.08%,0.12,1.56%,7.77,147.58
Sierra de Neiba,Parque Nacional,II - UICN,183.00,Dense conifer forest,5.23,0.00,0.17,3.26%,0.00,0.00%,0.17,5.06
Sierra de Neiba,Parque Nacional,II - UICN,183.00,Open conifer forest,8.61,0.01,0.20,2.31%,0.00,0.43%,0.20,8.41
Sierra de Neiba,Parque Nacional,II - UICN,183.00,Wet broadleaf forest,68.50,0.07,2.37,3.47%,0.03,1.29%,2.34,66.13
Sierra de Neiba,Parque Nacional,II - UICN,183.00,Moist broadleaf forest,1.92,0.00,0.47,24.47%,0.00,0.00%,0.47,1.45
Sierra de Neiba,Parque Nacional,II - UICN,183.00,Semi-moist broadleaf forest,0.61,0.00,0.06,9.59%,0.00,0.00%,0.06,0.55
Sierra Martín García,Parque Nacional,II - UICN,261.50,Moist broadleaf forest,54.88,0.02,3.83,6.97%,0.54,13.98%,3.29,51.06
Sierra Martín García,Parque Nacional,II - UICN,261.50,Semi-moist broadleaf forest,15.09,0.01,0.92,6.13%,0.13,13.78%,0.80,14.16
Sierra Martín García,Parque Nacional,II - UICN,261.50,Dry forest,52.10,0.02,1.00,1.92%,0.08,8.32%,0.92,51.10
Sierra Prieta,Área de Protección Estricta,Ib - UICN,4.00,Moist broadleaf forest,0.22,0.00,0.01,3.16%,0.00,12.07%,0.01,0.22
Sierra Prieta,Área de Protección Estricta,Ib - UICN,4.00,Semi-moist broadleaf forest,0.01,0.00,0.00,0.00%,0.00,0.00%,0.00,0.01
Submarino La Caleta,Parque Nacional,II - UICN,11.15,Semi-moist broadleaf forest,0.02,0.00,0.01,26.97%,0.00,0.00%,0.01,0.02
Submarino Monte Cristi,Parque Nacional,II - UICN,245.21,Moist broadleaf forest,0.00,0.00,0.00,0.00%,0.00,0.00%,0.00,0.00
Submarino Monte Cristi,Parque Nacional,II - UICN,245.21,Dry forest,0.00,0.00,0.00,0.00%,0.00,0.00%,0.00,0.00
Vía Panoràmica Costa Azul,Paisajes Protegidos,VI - UICN,18.92,Semi-moist broadleaf forest,1.20,0.00,0.36,29.69%,0.00,0.00%,0.36,0.85
Valle Nuevo,Parque Nacional,II - UICN,906.13,Dense conifer forest,225.35,0.14,19.47,8.64%,11.04,56.68%,8.44,205.88
Valle Nuevo,Parque Nacional,II - UICN,906.13,Open conifer forest,53.82,0.08,5.34,9.92%,2.83,53.07%,2.50,48.48
Valle Nuevo,Parque Nacional,II - UICN,906.13,Wet broadleaf forest,189.23,0.20,7.71,4.07%,2.03,26.33%,5.68,181.52
Valle Nuevo,Parque Nacional,II - UICN,906.13,Moist broadleaf forest,52.93,0.02,0.91,1.72%,0.03,3.54%,0.88,52.03
Valle Nuevo,Parque Nacional,II - UICN,906.13,Semi-moist broadleaf forest,2.57,0.00,0.11,4.15%,0.00,3.97%,0.10,2.47
Valle Nuevo,Parque Nacional,II - UICN,906.13,Dry forest,0.58,0.00,0.03,4.65%,0.00,0.00%,0.03,0.56
Villa Elisa,Área de Protección Estricta,Ia - UICN,0.43,Moist broadleaf forest,0.00,0.00,0.00,0.00%,0.00,0.00%,0.00,0.00
Villa Elisa,Área de Protección Estricta,Ia - UICN,0.43,Dry forest,0.01,0.00,0.00,2.58%,0.00,0.00%,0.00,0.01
Villarpando,Reserva Natural,V - UICN,79.55,Moist broadleaf forest,3.24,0.00,0.06,1.87%,0.00,0.00%,0.06,3.18
Villarpando,Reserva Natural,V - UICN,79.55,Semi-moist broadleaf forest,0.66,0.00,0.00,0.33%,0.00,0.00%,0.00,0.66
Villarpando,Reserva Natural,V - UICN,79.55,Dry forest,16.96,0.01,0.65,3.82%,0.00,0.00%,0.65,16.31